contrato_id,barrio,nombre_titular,edad_titular,sexo,vive_solo,n_personas_hogar,telefono_contacto,direccion_sintetica
CTR-11-00000,11-CIUDAD DE ASIS,Mercedes Muñoz Flores,68,F,False,3,+34 664 520 473,"C/ Rio Turia 20, 1o D"
CTR-21-00001,21-ALIPARK,Luisa Castro Delgado,32,F,False,3,+34 630 841 796,"C/ Poeta Zorrilla 18, 2o C"
CTR-17-00002,17-CAROLINAS ALTAS,Antonio Martinez Perez,40,M,False,2,+34 650 637 905,"C/ Pintor Murillo 42, 5o A"
CTR-24-00003,24-CASCO ANTIGUO,Ana Lopez Gonzalez,88,F,False,4,+34 627 582 765,"C/ Labradores 15, 5o B"
CTR-17-00004,17-CAROLINAS ALTAS,Luis Blanco Molina,86,M,False,2,+34 662 591 383,"C/ Doctor Just 22, 3o D"
CTR-15-00005,15-POLIGONO SAN BLAS,Miguel Alvarez Hernandez,36,M,True,1,+34 633 547 226,"C/ Escritor Azorín 44, 4o C"
CTR-16-00006,16-PLA DEL BON REPOS,Carmen Martinez Perez,63,F,True,1,+34 610 742 938,"C/ Escritor Azorin 13, 4o A"
CTR-13-00007,13-SAN GABRIEL,Alejandro Garrido Santos,34,M,False,4,+34 652 289 576,"C/ Jaime I 39, 4o A"
CTR-12-00008,12-POLIGONO BABEL,Vicente Herrera Iglesias,50,M,False,4,+34 689 128 229,"C/ Uruguay 37, 1o B"
CTR-21-00009,21-ALIPARK,Aurora Garrido Santos,33,F,False,4,+34 635 363 392,"Av. Locutor Vicente Hipólito 19, 1o A"
CTR-21-00010,21-ALIPARK,Maria Garcia Lopez,86,F,True,1,+34 673 837 170,"C/ Deportista Moro 31, 3o C"
CTR-12-00011,12-POLIGONO BABEL,Encarnacion Gil Rubio,52,F,False,2,+34 672 462 738,"C/ Ecuador 25, 4o C"
CTR-23-00012,23-CENTRO TRADICIONAL,Dolores Romero Torres,69,F,True,1,+34 680 985 745,"C/ Bazán 33, 4o A"
CTR-21-00013,21-ALIPARK,Manuel Fernandez Sanchez,71,M,False,4,+34 676 520 837,"C/ Poeta Zorrilla 43, 2o A"
CTR-21-00014,21-ALIPARK,Luis Blanco Molina,31,M,False,3,+34 656 460 806,"C/ Deportista Moro 32, 2o A"
CTR-12-00015,12-POLIGONO BABEL,Ramon Gutierrez Vazquez,67,M,False,2,+34 637 436 246,"C/ Ecuador 23, 5o C"
CTR-24-00016,24-CASCO ANTIGUO,Enrique Medina Castillo,69,M,False,3,+34 611 738 957,"C/ San Rafael 11, 3o B"
CTR-16-00017,16-PLA DEL BON REPOS,Angel Romero Torres,32,M,False,4,+34 681 509 958,"C/ Virgen de la Cabeza 29, 1o B"
CTR-16-00018,16-PLA DEL BON REPOS,Fernando Muñoz Flores,43,M,False,3,+34 649 937 350,"C/ Virgen de la Cabeza 7, 1o D"
CTR-22-00019,22-ALTOZANO,Dolores Romero Torres,58,F,False,4,+34 653 396 542,"C/ Teniente Alvarez Soto 35, 3o D"
CTR-22-00020,22-ALTOZANO,Emilio Ortiz Marin,26,M,False,2,+34 632 819 441,"C/ Teniente Alvarez Soto 26, 5o B"
CTR-12-00021,12-POLIGONO BABEL,Rosa Alvarez Hernandez,49,F,False,4,+34 622 168 297,"C/ Ecuador 15, 4o A"
CTR-14-00022,14-ENSANCHE DIPUTACION,Vicente Herrera Iglesias,27,M,False,4,+34 681 909 107,"Av. Alfonso el Sabio 3, 5o B"
CTR-21-00023,21-ALIPARK,Ramon Gutierrez Vazquez,25,M,False,3,+34 624 211 259,"C/ Poeta Zorrilla 24, 4o D"
CTR-16-00024,16-PLA DEL BON REPOS,Luis Blanco Molina,37,M,False,2,+34 670 928 984,"C/ Virgen de la Cabeza 8, 2o B"
CTR-20-00025,20-BENALUA,Mercedes Muñoz Flores,87,F,True,1,+34 661 343 457,"C/ Churruca 44, 5o A"
CTR-18-00026,18-CAROLINAS BAJAS,Teresa Moreno Jimenez,69,F,False,2,+34 611 710 754,"C/ Reyes Catolicos 34, 2o B"
CTR-18-00027,18-CAROLINAS BAJAS,Emilia Ortiz Marin,36,F,False,4,+34 626 696 321,"C/ Italia 33, 2o C"
CTR-24-00028,24-CASCO ANTIGUO,Ramon Gutierrez Vazquez,69,M,True,1,+34 624 679 655,"C/ Labradores 24, 5o B"
CTR-13-00029,13-SAN GABRIEL,Emilio Ortiz Marin,46,M,False,3,+34 623 644 470,"C/ Jaime I 14, 5o C"
CTR-22-00030,22-ALTOZANO,Isabel Serrano Ramos,33,F,False,4,+34 669 545 779,"C/ Teniente Alvarez Soto 13, 3o A"
CTR-14-00031,14-ENSANCHE DIPUTACION,Mercedes Muñoz Flores,62,F,False,3,+34 651 723 875,"C/ Foglietti 38, 3o D"
CTR-24-00032,24-CASCO ANTIGUO,Encarnacion Gil Rubio,44,F,False,3,+34 614 606 406,"C/ Maldonado 7, 3o C"
CTR-19-00033,19-GARBINET,Mercedes Muñoz Flores,89,F,True,1,+34 673 852 514,"C/ Alcalde Suárez Llanos 43, 2o B"
CTR-11-00034,11-CIUDAD DE ASIS,Juan Ruiz Diaz,49,M,False,2,+34 678 407 288,"C/ Rio Turia 32, 4o A"
CTR-11-00035,11-CIUDAD DE ASIS,Isabel Serrano Ramos,30,F,False,2,+34 664 909 934,"C/ Rio Jucar 28, 1o B"
CTR-24-00036,24-CASCO ANTIGUO,Salvador Gil Rubio,55,M,False,3,+34 620 790 281,"C/ Mayor 16, 2o D"
CTR-12-00037,12-POLIGONO BABEL,Emilia Ortiz Marin,43,F,False,4,+34 638 377 720,"C/ Uruguay 29, 5o D"
CTR-20-00038,20-BENALUA,Maria Garcia Lopez,48,F,False,3,+34 696 824 416,"C/ Churruca 32, 1o A"
CTR-19-00039,19-GARBINET,Fernando Muñoz Flores,40,M,True,1,+34 670 377 985,"C/ Alcalde Suárez Llanos 1, 2o B"
CTR-15-00040,15-POLIGONO SAN BLAS,Francisco Lopez Gonzalez,65,M,False,3,+34 617 792 642,"C/ Rio Manzanares 8, 4o C"
CTR-23-00041,23-CENTRO TRADICIONAL,Rosa Alvarez Hernandez,30,F,True,1,+34 670 985 932,"C/ San Fernando 40, 5o C"
CTR-13-00042,13-SAN GABRIEL,Fernando Muñoz Flores,91,M,False,3,+34 690 778 157,"C/ Ingeniero Canales 10, 3o B"
CTR-20-00043,20-BENALUA,Dolores Romero Torres,72,F,True,1,+34 696 809 558,"C/ Arquitecto Morell 4, 5o B"
CTR-11-00044,11-CIUDAD DE ASIS,Vicente Herrera Iglesias,67,M,True,1,+34 658 577 563,"C/ Rio Turia 19, 4o D"
CTR-16-00045,16-PLA DEL BON REPOS,Emilia Ortiz Marin,80,F,True,1,+34 658 342 816,"C/ Virgen de la Cabeza 44, 2o A"
CTR-16-00046,16-PLA DEL BON REPOS,Angel Romero Torres,89,M,True,1,+34 655 395 702,"C/ Escritor Azorin 24, 5o B"
CTR-22-00047,22-ALTOZANO,Pedro Moreno Jimenez,25,M,False,2,+34 634 788 574,"C/ Alfonso el Sabio 15, 5o A"
CTR-12-00048,12-POLIGONO BABEL,Fernando Muñoz Flores,86,M,True,1,+34 670 743 627,"C/ Ecuador 25, 2o D"
CTR-18-00049,18-CAROLINAS BAJAS,Antonio Martinez Perez,30,M,False,3,+34 610 988 740,"C/ Garbinet 14, 5o A"
CTR-12-00050,12-POLIGONO BABEL,Manuel Fernandez Sanchez,29,M,False,3,+34 610 249 878,"C/ Ecuador 21, 2o C"
CTR-17-00051,17-CAROLINAS ALTAS,Miguel Alvarez Hernandez,69,M,False,3,+34 652 111 928,"C/ Azorin 20, 2o C"
CTR-21-00052,21-ALIPARK,Manuel Fernandez Sanchez,65,M,False,2,+34 623 510 699,"C/ Poeta Zorrilla 19, 3o B"
CTR-12-00053,12-POLIGONO BABEL,Vicente Herrera Iglesias,59,M,False,2,+34 639 546 881,"C/ Ecuador 35, 1o D"
CTR-14-00054,14-ENSANCHE DIPUTACION,Salvador Gil Rubio,40,M,False,3,+34 686 424 236,"C/ Foglietti 6, 5o A"
CTR-10-00055,10-FLORIDA BAJA,Manuel Fernandez Sanchez,51,M,False,2,+34 611 386 806,"C/ Canalejas 19, 1o C"
CTR-14-00056,14-ENSANCHE DIPUTACION,Jose Garcia Lopez,29,M,False,2,+34 633 275 160,"C/ Doctor Gadea 40, 5o A"
CTR-17-00057,17-CAROLINAS ALTAS,Ramon Gutierrez Vazquez,61,M,False,3,+34 625 246 515,"C/ Pintor Murillo 14, 1o A"
CTR-22-00058,22-ALTOZANO,Joaquin Suarez Ortega,89,M,True,1,+34 664 531 947,"C/ Bono Guarner 27, 5o A"
CTR-14-00059,14-ENSANCHE DIPUTACION,Teresa Moreno Jimenez,39,F,False,3,+34 689 627 371,"C/ Doctor Gadea 36, 2o D"
CTR-15-00060,15-POLIGONO SAN BLAS,Rafael Navarro Dominguez,83,M,True,1,+34 669 959 584,"C/ Escritor Azorín 25, 5o C"
CTR-22-00061,22-ALTOZANO,Francisco Lopez Gonzalez,26,M,False,3,+34 635 408 844,"C/ Teniente Alvarez Soto 27, 5o A"
CTR-19-00062,19-GARBINET,Concepcion Navarro Dominguez,45,F,False,4,+34 662 165 283,"C/ Catedratico Soler 8, 4o A"
CTR-20-00063,20-BENALUA,Isabel Serrano Ramos,34,F,False,2,+34 627 453 644,"C/ Churruca 3, 1o B"
CTR-14-00064,14-ENSANCHE DIPUTACION,Ramon Gutierrez Vazquez,41,M,False,3,+34 657 811 537,"C/ Foglietti 41, 3o A"
CTR-11-00065,11-CIUDAD DE ASIS,Carmen Martinez Perez,34,F,False,3,+34 651 388 360,"C/ Rio Mundo 21, 3o D"
CTR-18-00066,18-CAROLINAS BAJAS,Carmen Martinez Perez,38,F,False,4,+34 657 916 998,"C/ Italia 22, 1o A"
CTR-15-00067,15-POLIGONO SAN BLAS,Isabel Serrano Ramos,56,F,False,2,+34 644 789 697,"C/ Vistahermosa 6, 3o A"
CTR-19-00068,19-GARBINET,Antonia Suarez Ortega,88,F,True,1,+34 683 709 240,"C/ Jose Maria Py 12, 2o C"
CTR-14-00069,14-ENSANCHE DIPUTACION,Ana Lopez Gonzalez,45,F,False,3,+34 684 494 414,"C/ Doctor Gadea 35, 2o C"
CTR-17-00070,17-CAROLINAS ALTAS,Maria Garcia Lopez,78,F,True,1,+34 613 762 105,"C/ Azorin 14, 2o B"
CTR-10-00071,10-FLORIDA BAJA,Francisca Gutierrez Vazquez,68,F,False,3,+34 621 920 822,"C/ Poeta Vila y Blanco 11, 1o A"
CTR-22-00072,22-ALTOZANO,Antonio Martinez Perez,53,M,False,3,+34 664 815 538,"C/ Teniente Alvarez Soto 7, 1o A"
CTR-23-00073,23-CENTRO TRADICIONAL,Consuelo Herrera Iglesias,87,F,True,1,+34 613 788 480,"C/ Gerona 35, 3o C"
CTR-15-00074,15-POLIGONO SAN BLAS,Salvador Gil Rubio,68,M,False,4,+34 660 766 568,"C/ Rio Manzanares 22, 1o A"
CTR-19-00075,19-GARBINET,Francisca Gutierrez Vazquez,42,F,True,1,+34 610 828 678,"C/ Jose Maria Py 15, 3o C"
CTR-10-00076,10-FLORIDA BAJA,Enrique Medina Castillo,38,M,False,2,+34 639 453 443,"C/ Garcia Morato 37, 1o C"
CTR-24-00077,24-CASCO ANTIGUO,Francisco Lopez Gonzalez,84,M,True,1,+34 625 747 670,"C/ Labradores 7, 1o A"
CTR-21-00078,21-ALIPARK,Francisco Lopez Gonzalez,59,M,False,4,+34 669 172 954,"C/ Poeta Zorrilla 38, 5o C"
CTR-12-00079,12-POLIGONO BABEL,Alejandro Garrido Santos,62,M,False,2,+34 670 436 811,"C/ Chile 6, 5o A"
CTR-24-00080,24-CASCO ANTIGUO,Ana Lopez Gonzalez,31,F,False,2,+34 652 433 549,"C/ Mayor 44, 1o B"
CTR-21-00081,21-ALIPARK,Enrique Medina Castillo,26,M,False,3,+34 653 850 901,"C/ Poeta Zorrilla 5, 3o A"
CTR-12-00082,12-POLIGONO BABEL,Ana Lopez Gonzalez,85,F,False,2,+34 672 506 370,"C/ Peru 26, 4o A"
CTR-13-00083,13-SAN GABRIEL,Mercedes Muñoz Flores,43,F,False,3,+34 690 836 172,"C/ Virgen del Socorro 13, 5o B"
CTR-23-00084,23-CENTRO TRADICIONAL,Amparo Medina Castillo,55,F,False,3,+34 634 837 498,"C/ Castaños 27, 1o C"
CTR-20-00085,20-BENALUA,Luisa Castro Delgado,54,F,False,4,+34 687 488 450,"C/ Isabel la Católica 44, 5o B"
CTR-11-00086,11-CIUDAD DE ASIS,Fernando Muñoz Flores,77,M,True,1,+34 661 507 888,"C/ Rio Segura 3, 2o A"
CTR-21-00087,21-ALIPARK,Rosa Alvarez Hernandez,64,F,False,3,+34 651 842 811,"Av. Locutor Vicente Hipólito 22, 3o B"
CTR-24-00088,24-CASCO ANTIGUO,Antonio Martinez Perez,29,M,True,1,+34 672 669 305,"C/ Mayor 14, 5o D"
CTR-14-00089,14-ENSANCHE DIPUTACION,Enrique Medina Castillo,55,M,False,2,+34 615 983 262,"C/ Doctor Gadea 15, 4o D"
CTR-24-00090,24-CASCO ANTIGUO,Amparo Medina Castillo,32,F,False,2,+34 630 321 688,"C/ Labradores 14, 3o C"
CTR-23-00091,23-CENTRO TRADICIONAL,Amparo Medina Castillo,45,F,False,4,+34 689 125 218,"C/ Castaños 43, 5o A"
CTR-20-00092,20-BENALUA,Encarnacion Gil Rubio,27,F,False,4,+34 659 588 235,"C/ Churruca 37, 1o B"
CTR-12-00093,12-POLIGONO BABEL,Rafael Navarro Dominguez,60,M,False,3,+34 689 322 289,"C/ Ecuador 29, 3o B"
CTR-21-00094,21-ALIPARK,Concepcion Navarro Dominguez,36,F,False,2,+34 646 751 352,"C/ Poeta Zorrilla 8, 3o C"
CTR-22-00095,22-ALTOZANO,Josefa Fernandez Sanchez,47,F,False,4,+34 667 626 943,"C/ Teniente Alvarez Soto 39, 5o C"
CTR-14-00096,14-ENSANCHE DIPUTACION,Dolores Romero Torres,45,F,False,3,+34 675 294 189,"C/ Doctor Gadea 27, 5o C"
CTR-22-00097,22-ALTOZANO,Encarnacion Gil Rubio,47,F,False,4,+34 657 593 575,"C/ Alfonso el Sabio 9, 2o C"
CTR-23-00098,23-CENTRO TRADICIONAL,Rosa Alvarez Hernandez,77,F,True,1,+34 629 199 128,"C/ Mayor 31, 2o B"
CTR-23-00099,23-CENTRO TRADICIONAL,Carlos Serrano Ramos,68,M,False,3,+34 671 508 538,"C/ Castaños 44, 2o C"
CTR-11-00100,11-CIUDAD DE ASIS,Maria Garcia Lopez,35,F,False,4,+34 642 526 224,"C/ Rio Segura 40, 5o C"
CTR-19-00101,19-GARBINET,Fernando Muñoz Flores,33,M,True,1,+34 698 643 594,"C/ Alcalde Suárez Llanos 9, 3o A"
CTR-24-00102,24-CASCO ANTIGUO,Encarnacion Gil Rubio,51,F,True,1,+34 670 548 263,"C/ San Rafael 35, 3o C"
CTR-21-00103,21-ALIPARK,Maria Garcia Lopez,65,F,True,1,+34 651 447 813,"C/ Poeta Zorrilla 12, 3o A"
CTR-15-00104,15-POLIGONO SAN BLAS,Isabel Serrano Ramos,53,F,False,2,+34 686 280 791,"C/ Vistahermosa 11, 1o C"
CTR-12-00105,12-POLIGONO BABEL,Francisca Gutierrez Vazquez,61,F,False,3,+34 698 821 708,"C/ Ecuador 38, 3o C"
CTR-18-00106,18-CAROLINAS BAJAS,Manuel Fernandez Sanchez,27,M,False,3,+34 681 928 794,"C/ Italia 8, 1o B"
CTR-12-00107,12-POLIGONO BABEL,Pedro Moreno Jimenez,66,M,False,3,+34 631 996 532,"C/ Chile 7, 5o D"
CTR-20-00108,20-BENALUA,Luisa Castro Delgado,61,F,False,4,+34 672 176 620,"C/ Isabel la Católica 44, 2o B"
CTR-10-00109,10-FLORIDA BAJA,Francisca Gutierrez Vazquez,62,F,True,1,+34 629 484 516,"C/ Canalejas 28, 5o C"
CTR-22-00110,22-ALTOZANO,Luisa Castro Delgado,61,F,False,2,+34 612 124 503,"C/ Alfonso el Sabio 35, 2o B"
CTR-15-00111,15-POLIGONO SAN BLAS,Luis Blanco Molina,29,M,False,4,+34 696 851 911,"C/ Escritor Azorín 42, 1o C"
CTR-18-00112,18-CAROLINAS BAJAS,Josefa Fernandez Sanchez,75,F,True,1,+34 682 869 838,"C/ Reyes Catolicos 8, 1o D"
CTR-10-00113,10-FLORIDA BAJA,Antonia Suarez Ortega,40,F,False,4,+34 619 140 934,"C/ Garcia Morato 21, 3o B"
CTR-24-00114,24-CASCO ANTIGUO,Isabel Serrano Ramos,91,F,True,1,+34 657 303 767,"C/ Labradores 4, 4o B"
CTR-16-00115,16-PLA DEL BON REPOS,Luisa Castro Delgado,82,F,True,1,+34 659 753 753,"C/ Virgen de la Cabeza 13, 4o C"
CTR-11-00116,11-CIUDAD DE ASIS,Josefa Fernandez Sanchez,76,F,True,1,+34 634 627 921,"C/ Rio Segura 1, 3o A"
CTR-22-00117,22-ALTOZANO,Manuel Romero Torres,80,M,True,1,+34 665 124 156,"C/ Teniente Alvarez Soto 5, 4o C"
CTR-22-00118,22-ALTOZANO,Concepcion Navarro Dominguez,28,F,False,4,+34 676 609 680,"C/ Teniente Alvarez Soto 28, 4o C"
CTR-23-00119,23-CENTRO TRADICIONAL,Salvador Gil Rubio,35,M,False,4,+34 638 880 510,"C/ Gerona 14, 5o C"
CTR-19-00120,19-GARBINET,Encarnacion Gil Rubio,55,F,False,2,+34 614 513 184,"C/ Alcalde Suárez Llanos 21, 3o C"
CTR-21-00121,21-ALIPARK,Juan Ruiz Diaz,33,M,False,4,+34 619 820 592,"C/ Deportista Moro 28, 3o D"
CTR-22-00122,22-ALTOZANO,Alejandro Garrido Santos,34,M,False,3,+34 684 694 892,"C/ Alfonso el Sabio 12, 4o C"
CTR-16-00123,16-PLA DEL BON REPOS,Carmen Martinez Perez,88,F,False,2,+34 633 591 369,"C/ Escritor Azorin 33, 1o A"
CTR-16-00124,16-PLA DEL BON REPOS,Andres Castro Delgado,76,M,False,3,+34 689 135 590,"C/ Virgen de la Cabeza 7, 2o B"
CTR-17-00125,17-CAROLINAS ALTAS,Juan Ruiz Diaz,37,M,False,2,+34 635 833 688,"C/ San Isidro 23, 3o A"
CTR-21-00126,21-ALIPARK,Joaquin Suarez Ortega,41,M,False,2,+34 669 549 255,"C/ Deportista Moro 34, 4o D"
CTR-14-00127,14-ENSANCHE DIPUTACION,Alejandro Garrido Santos,87,M,False,3,+34 648 753 610,"Av. Alfonso el Sabio 22, 2o A"
CTR-20-00128,20-BENALUA,Maria Garcia Lopez,82,F,True,1,+34 638 936 774,"C/ Churruca 30, 5o B"
CTR-23-00129,23-CENTRO TRADICIONAL,Consuelo Herrera Iglesias,25,F,False,4,+34 620 301 295,"C/ Castaños 1, 4o B"
CTR-17-00130,17-CAROLINAS ALTAS,Miguel Alvarez Hernandez,74,M,True,1,+34 661 910 469,"C/ San Isidro 11, 2o A"
CTR-19-00131,19-GARBINET,Emilio Ortiz Marin,25,M,True,1,+34 662 396 466,"C/ Jose Maria Py 35, 3o A"
CTR-12-00132,12-POLIGONO BABEL,Amparo Medina Castillo,27,F,False,2,+34 611 311 715,"C/ Ecuador 10, 2o D"
CTR-21-00133,21-ALIPARK,Joaquin Suarez Ortega,63,M,False,2,+34 611 763 519,"C/ Poeta Zorrilla 38, 1o A"
CTR-24-00134,24-CASCO ANTIGUO,Encarnacion Gil Rubio,64,F,False,2,+34 630 276 602,"C/ Mayor 37, 3o D"
CTR-19-00135,19-GARBINET,Luis Blanco Molina,46,M,False,4,+34 691 557 474,"C/ Catedratico Soler 30, 2o D"
CTR-20-00136,20-BENALUA,Alejandro Garrido Santos,91,M,True,1,+34 628 894 352,"C/ Isabel la Católica 17, 4o C"
CTR-12-00137,12-POLIGONO BABEL,Salvador Gil Rubio,50,M,False,4,+34 639 349 138,"C/ Chile 25, 5o D"
CTR-24-00138,24-CASCO ANTIGUO,Isabel Serrano Ramos,56,F,True,1,+34 684 944 395,"C/ San Rafael 14, 3o A"
CTR-21-00139,21-ALIPARK,Maria Garcia Lopez,87,F,True,1,+34 611 280 547,"C/ Deportista Moro 7, 5o D"
CTR-17-00140,17-CAROLINAS ALTAS,Maria Garcia Lopez,69,F,False,2,+34 655 450 224,"C/ San Isidro 7, 5o C"
CTR-19-00141,19-GARBINET,Fernando Muñoz Flores,60,M,False,2,+34 637 156 880,"C/ Alcalde Suárez Llanos 16, 3o A"
CTR-20-00142,20-BENALUA,Carlos Serrano Ramos,68,M,False,4,+34 686 341 918,"C/ Isabel la Católica 18, 1o A"
CTR-17-00143,17-CAROLINAS ALTAS,Fernando Muñoz Flores,64,M,False,4,+34 653 552 500,"C/ Azorin 27, 5o B"
CTR-12-00144,12-POLIGONO BABEL,Antonio Martinez Perez,50,M,True,1,+34 677 167 857,"C/ Chile 25, 5o A"
CTR-23-00145,23-CENTRO TRADICIONAL,Josefa Fernandez Sanchez,30,F,False,2,+34 698 666 747,"C/ San Fernando 32, 5o A"
CTR-20-00146,20-BENALUA,Luis Blanco Molina,73,M,True,1,+34 610 738 502,"C/ Churruca 14, 4o D"
CTR-16-00147,16-PLA DEL BON REPOS,Rafael Navarro Dominguez,88,M,True,1,+34 672 967 270,"C/ Virgen de la Cabeza 10, 1o A"
CTR-22-00148,22-ALTOZANO,Carmen Martinez Perez,35,F,False,3,+34 662 203 683,"C/ Teniente Alvarez Soto 24, 4o B"
CTR-21-00149,21-ALIPARK,Fernando Muñoz Flores,54,M,False,2,+34 676 708 713,"C/ Deportista Moro 14, 2o A"
CTR-24-00150,24-CASCO ANTIGUO,Manuela Blanco Molina,73,F,False,4,+34 666 168 828,"C/ Maldonado 44, 4o A"
CTR-12-00151,12-POLIGONO BABEL,Ramon Gutierrez Vazquez,48,M,False,2,+34 661 260 333,"C/ Peru 26, 3o B"
CTR-12-00152,12-POLIGONO BABEL,Pilar Ruiz Diaz,30,F,False,4,+34 625 915 122,"C/ Ecuador 39, 2o C"
CTR-18-00153,18-CAROLINAS BAJAS,Manuela Blanco Molina,67,F,False,2,+34 659 917 584,"C/ Padre Mariana 15, 3o D"
CTR-19-00154,19-GARBINET,Manuela Blanco Molina,49,F,False,3,+34 670 633 549,"C/ Alcalde Suárez Llanos 42, 3o C"
CTR-24-00155,24-CASCO ANTIGUO,Manuela Blanco Molina,27,F,False,3,+34 644 851 260,"C/ Labradores 6, 3o B"
CTR-23-00156,23-CENTRO TRADICIONAL,Luis Blanco Molina,51,M,False,3,+34 674 609 268,"C/ San Fernando 7, 4o D"
CTR-19-00157,19-GARBINET,Luisa Castro Delgado,45,F,True,1,+34 617 833 251,"C/ Alcalde Suárez Llanos 17, 1o C"
CTR-11-00158,11-CIUDAD DE ASIS,Josefa Fernandez Sanchez,41,F,False,4,+34 689 892 137,"C/ Rio Jucar 18, 1o C"
CTR-16-00159,16-PLA DEL BON REPOS,Angel Romero Torres,32,M,False,3,+34 684 540 953,"C/ Virgen de la Cabeza 35, 2o C"
CTR-10-00160,10-FLORIDA BAJA,Fernando Muñoz Flores,51,M,False,3,+34 664 167 581,"C/ Poeta Vila y Blanco 15, 1o A"
CTR-14-00161,14-ENSANCHE DIPUTACION,Carmen Martinez Perez,73,F,True,1,+34 650 479 614,"C/ Foglietti 11, 5o A"
CTR-10-00162,10-FLORIDA BAJA,Concepcion Navarro Dominguez,26,F,True,1,+34 617 947 328,"C/ Canalejas 5, 2o A"
CTR-23-00163,23-CENTRO TRADICIONAL,Rosa Alvarez Hernandez,55,F,False,2,+34 654 757 555,"C/ Castaños 14, 2o A"
CTR-10-00164,10-FLORIDA BAJA,Salvador Gil Rubio,60,M,False,2,+34 612 802 728,"C/ Garcia Morato 34, 2o C"
CTR-19-00165,19-GARBINET,Francisca Gutierrez Vazquez,55,F,False,3,+34 663 121 194,"C/ Alcalde Suárez Llanos 36, 2o B"
CTR-13-00166,13-SAN GABRIEL,Joaquin Suarez Ortega,34,M,False,2,+34 661 300 313,"C/ Ingeniero Canales 11, 3o B"
CTR-13-00167,13-SAN GABRIEL,Pilar Ruiz Diaz,59,F,False,4,+34 673 515 375,"C/ Virgen del Socorro 36, 3o C"
CTR-14-00168,14-ENSANCHE DIPUTACION,Manuel Fernandez Sanchez,35,M,False,4,+34 647 421 718,"Av. Alfonso el Sabio 24, 3o D"
CTR-19-00169,19-GARBINET,Jose Garcia Lopez,66,M,False,2,+34 631 199 141,"C/ Jose Maria Py 14, 3o C"
CTR-24-00170,24-CASCO ANTIGUO,Emilia Ortiz Marin,89,F,True,1,+34 692 663 658,"C/ Labradores 25, 3o D"
CTR-22-00171,22-ALTOZANO,Maria Garcia Lopez,48,F,True,1,+34 622 808 324,"C/ Bono Guarner 10, 3o C"
CTR-24-00172,24-CASCO ANTIGUO,Angel Romero Torres,39,M,False,2,+34 610 193 529,"C/ San Rafael 15, 3o B"
CTR-23-00173,23-CENTRO TRADICIONAL,Mercedes Muñoz Flores,69,F,False,3,+34 692 694 959,"C/ Gerona 5, 3o D"
CTR-16-00174,16-PLA DEL BON REPOS,Manuel Fernandez Sanchez,25,M,False,4,+34 663 706 390,"C/ Virgen de la Cabeza 13, 1o B"
CTR-13-00175,13-SAN GABRIEL,Teresa Moreno Jimenez,76,F,False,2,+34 669 731 338,"C/ Jaime I 34, 4o A"
CTR-11-00176,11-CIUDAD DE ASIS,Emilio Ortiz Marin,81,M,False,2,+34 687 120 780,"C/ Rio Turia 17, 1o D"
CTR-22-00177,22-ALTOZANO,Jose Garcia Lopez,29,M,False,3,+34 614 542 979,"C/ Alfonso el Sabio 11, 4o B"
CTR-11-00178,11-CIUDAD DE ASIS,Alejandro Garrido Santos,32,M,False,3,+34 635 737 406,"C/ Rio Mundo 33, 1o B"
CTR-20-00179,20-BENALUA,Amparo Medina Castillo,34,F,False,3,+34 651 963 432,"C/ Arquitecto Morell 23, 1o D"
CTR-10-00180,10-FLORIDA BAJA,Teresa Moreno Jimenez,42,F,False,2,+34 664 281 281,"C/ Canalejas 8, 1o A"
CTR-10-00181,10-FLORIDA BAJA,Antonio Martinez Perez,54,M,False,2,+34 686 976 589,"C/ Poeta Vila y Blanco 17, 2o A"
CTR-21-00182,21-ALIPARK,Rafael Navarro Dominguez,27,M,False,3,+34 647 384 350,"C/ Poeta Zorrilla 7, 3o B"
CTR-12-00183,12-POLIGONO BABEL,Antonio Martinez Perez,48,M,False,4,+34 671 298 557,"C/ Ecuador 11, 4o C"
CTR-23-00184,23-CENTRO TRADICIONAL,Francisca Gutierrez Vazquez,57,F,False,2,+34 691 703 835,"C/ Bazán 8, 2o B"
CTR-18-00185,18-CAROLINAS BAJAS,Antonio Navarro Dominguez,82,M,True,1,+34 662 239 668,"C/ Italia 23, 3o A"
CTR-18-00186,18-CAROLINAS BAJAS,Aurora Garrido Santos,58,F,False,4,+34 677 702 856,"C/ Padre Mariana 2, 1o D"
CTR-20-00187,20-BENALUA,Carmen Martinez Perez,38,F,True,1,+34 644 544 712,"C/ Isabel la Católica 17, 4o D"
CTR-20-00188,20-BENALUA,Francisca Gutierrez Vazquez,40,F,False,4,+34 618 610 152,"C/ Isabel la Católica 14, 3o A"
CTR-16-00189,16-PLA DEL BON REPOS,Pedro Moreno Jimenez,69,M,False,3,+34 695 424 590,"C/ Virgen de la Cabeza 23, 2o D"
CTR-11-00190,11-CIUDAD DE ASIS,Maria Garcia Lopez,55,F,False,2,+34 690 694 156,"C/ Rio Turia 33, 3o C"
CTR-14-00191,14-ENSANCHE DIPUTACION,Ramon Gutierrez Vazquez,43,M,False,3,+34 619 835 120,"Av. Alfonso el Sabio 21, 2o D"
CTR-12-00192,12-POLIGONO BABEL,Enrique Medina Castillo,53,M,False,4,+34 693 191 368,"C/ Chile 13, 1o D"
CTR-16-00193,16-PLA DEL BON REPOS,Pilar Ruiz Diaz,67,F,False,4,+34 696 294 590,"C/ Escritor Azorin 21, 3o D"
CTR-14-00194,14-ENSANCHE DIPUTACION,Andres Castro Delgado,64,M,False,2,+34 626 450 222,"C/ Doctor Gadea 7, 5o A"
CTR-16-00195,16-PLA DEL BON REPOS,Salvador Gil Rubio,56,M,False,2,+34 674 646 531,"C/ Virgen de la Cabeza 38, 3o B"
CTR-18-00196,18-CAROLINAS BAJAS,Ana Lopez Gonzalez,42,F,False,3,+34 634 332 184,"C/ Padre Mariana 20, 5o D"
CTR-20-00197,20-BENALUA,Aurora Garrido Santos,36,F,False,3,+34 687 664 691,"C/ Isabel la Católica 6, 1o D"
CTR-15-00198,15-POLIGONO SAN BLAS,Luis Blanco Molina,28,M,False,2,+34 674 358 159,"C/ Escritor Azorín 24, 5o C"
CTR-18-00199,18-CAROLINAS BAJAS,Teresa Moreno Jimenez,47,F,False,2,+34 640 132 847,"C/ Garbinet 16, 1o D"
